Director,Freq
David Silverman,24
Wes Archer,26
Gregg Vanzo,1
Kent Butterworth,2
Rich Moore,17
Milton Gray,2
Brad Bird,2
Mark Kirkland,84
Jim Reardon,35
Jeffrey Lynch,12
Carlos Baeza,9
Alan Smart,1
Bob Anderson,65
Susie Dietter,11
Swinton O. Scott III,7
Steven Dean Moore,82
Dominic Polcino,7
Mike B. Anderson,25
Chuck Sheetz,19
Pete Michels,11
Neil Affleck,7
Mark Ervin,3
Klay Hall,1
Matthew Nastuk,59
Nancy Kruse,25
Michael Polcino,40
Lance Kramer,24
Michael Marcantel,7
Jen Kamerman,3
Shaun Cashman,1
Lauren MacMullan,7
Chris Clements,32
Raymond S. Persi,10
Ralph Sosa,4
Matthew Faughnan,24
Rob Oliver,33
Matthew Schofield,6
Timothy Bailey,23
Jennifer Moeller,7
Debbie Bruce Mahan,3
Gabriel DeFrancesco,1